[
  {
    "id": 1,
    "title": "Esquema piramidal para principiantes",
    "text": "Lorem ipsum dolor sit amet, consectetur adipiscing elit. Nunc et lorem a lorem viverra posuere a non sem. Nam eleifend tellus eu justo cursus, non volutpat nibh euismod. Morbi eu urna pellentesque dolor vulputate bibendum vel accumsan lectus. Pellentesque vulputate laoreet massa, at elementum nisi. Aenean arcu leo, sagittis vitae mi id, ultrices faucibus mauris. Proin fermentum sollicitudin libero, a mollis arcu congue id. Fusce condimentum vestibulum efficitur. Mauris malesuada risus posuere sapien hendrerit, eu tristique elit fermentum. Suspendisse mollis gravida erat hendrerit rhoncus. Duis a tortor eu odio fringilla eleifend. Proin porttitor fermentum mauris, sed maximus ligula aliquet ut. Pellentesque porttitor posuere augue in rutrum. Sed semper ultrices blandit."
  },
  {
    "id": 2,
    "title": "Mi perro no viene cuando lo llamo",
    "text": "Vestibulum faucibus, lorem id gravida sodales, massa justo sollicitudin nisi, et dictum metus dolor eget massa. Nunc sed est nec lorem lobortis elementum. Integer justo diam, pulvinar sit amet arcu quis, tempus pulvinar lorem. Nulla consectetur sodales augue id ultrices. Integer quis mattis justo. Nulla tempus scelerisque lectus vel finibus. Etiam ultricies placerat elit nec euismod. Fusce egestas tempus neque, eu consequat urna mollis quis."
  },
  {
    "id": 3,
    "title": "Construya su propio lanzallamas",
    "text": "Orci varius natoque penatibus et magnis dis parturient montes, nascetur ridiculus mus. Sed elementum sodales mi non suscipit. Aenean metus justo, finibus eget felis tristique, aliquam bibendum magna. Vestibulum blandit placerat semper. Proin pharetra egestas lacus non accumsan. Nunc quam eros, viverra at tristique sed, tincidunt id diam. Sed libero velit, ornare et venenatis sit amet, tempus sit amet leo. Morbi id accumsan dui. Vestibulum nec aliquam leo. Suspendisse at molestie mauris. Lorem ipsum dolor sit amet, consectetur adipiscing elit. Duis in efficitur purus, ut dignissim urna. Duis sit amet condimentum eros, in aliquam augue. Maecenas nec vestibulum tellus. Nunc scelerisque cursus tortor nec lobortis. Donec blandit neque non odio vehicula, in aliquet quam tempus."
  }
]
